row_index,FINANCIAL_YEAR_MONTH,FIRST_HOME_OWNER_GRANT_NUMBER,FIRST_HOME_OWNER_GRANT_VALUE,FIRST_HOME_OWNER_BOOST_NUMBER,FIRST_HOME_OWNER_BOOST_VALUE,FIRST_HOME_BONUS_NUMBER,FIRST_HOME_BONUS_VALUE,FIRST_HOME_OWNER_REGIONAL_BONUS_NUMBER,FIRST_HOME_OWNER_REGIONAL_BONUS_VALUE,CATEGORY,POSTCODE
1,Jul 2000,0.0,0.0,0.0,0.0,0.0,0.0,0.0,0.0,FIRST HOME OWNER STATISTICS FOR NEW HOMES,3803
2,Aug 2000,0.0,0.0,0.0,0.0,0.0,0.0,0.0,0.0,FIRST HOME OWNER STATISTICS FOR NEW HOMES,3803
3,Sep 2000,2.0,14000.0,0.0,0.0,0.0,0.0,0.0,0.0,FIRST HOME OWNER STATISTICS FOR NEW HOMES,3803
4,Oct 2000,0.0,0.0,0.0,0.0,0.0,0.0,0.0,0.0,FIRST HOME OWNER STATISTICS FOR NEW HOMES,3803
5,Nov 2000,1.0,7000.0,0.0,0.0,0.0,0.0,0.0,0.0,FIRST HOME OWNER STATISTICS FOR NEW HOMES,3803
6,Dec 2000,0.0,0.0,0.0,0.0,0.0,0.0,0.0,0.0,FIRST HOME OWNER STATISTICS FOR NEW HOMES,3803
7,Jan 2001,0.0,0.0,0.0,0.0,0.0,0.0,0.0,0.0,FIRST HOME OWNER STATISTICS FOR NEW HOMES,3803
8,Feb 2001,0.0,0.0,0.0,0.0,0.0,0.0,0.0,0.0,FIRST HOME OWNER STATISTICS FOR NEW HOMES,3803
9,Mar 2001,2.0,14000.0,0.0,0.0,0.0,0.0,0.0,0.0,FIRST HOME OWNER STATISTICS FOR NEW HOMES,3803
10,Apr 2001,0.0,0.0,0.0,0.0,0.0,0.0,0.0,0.0,FIRST HOME OWNER STATISTICS FOR NEW HOMES,3803
11,May 2001,1.0,7000.0,0.0,0.0,0.0,0.0,0.0,0.0,FIRST HOME OWNER STATISTICS FOR NEW HOMES,3803
12,Jun 2001,5.0,35000.0,0.0,0.0,0.0,0.0,0.0,0.0,FIRST HOME OWNER STATISTICS FOR NEW HOMES,3803
15,Jul 2001,0.0,0.0,0.0,0.0,0.0,0.0,0.0,0.0,FIRST HOME OWNER STATISTICS FOR NEW HOMES,3803
16,Aug 2001,2.0,14000.0,0.0,0.0,0.0,0.0,0.0,0.0,FIRST HOME OWNER STATISTICS FOR NEW HOMES,3803
17,Sep 2001,7.0,49000.0,0.0,0.0,0.0,0.0,0.0,0.0,FIRST HOME OWNER STATISTICS FOR NEW HOMES,3803
18,Oct 2001,8.0,56000.0,0.0,0.0,0.0,0.0,0.0,0.0,FIRST HOME OWNER STATISTICS FOR NEW HOMES,3803
19,Nov 2001,7.0,49000.0,0.0,0.0,0.0,0.0,0.0,0.0,FIRST HOME OWNER STATISTICS FOR NEW HOMES,3803
20,Dec 2001,9.0,63000.0,0.0,0.0,0.0,0.0,0.0,0.0,FIRST HOME OWNER STATISTICS FOR NEW HOMES,3803
21,Jan 2002,2.0,14000.0,0.0,0.0,0.0,0.0,0.0,0.0,FIRST HOME OWNER STATISTICS FOR NEW HOMES,3803
22,Feb 2002,2.0,14000.0,0.0,0.0,0.0,0.0,0.0,0.0,FIRST HOME OWNER STATISTICS FOR NEW HOMES,3803
23,Mar 2002,4.0,28000.0,0.0,0.0,0.0,0.0,0.0,0.0,FIRST HOME OWNER STATISTICS FOR NEW HOMES,3803
24,Apr 2002,5.0,35000.0,0.0,0.0,0.0,0.0,0.0,0.0,FIRST HOME OWNER STATISTICS FOR NEW HOMES,3803
25,May 2002,8.0,56000.0,0.0,0.0,0.0,0.0,0.0,0.0,FIRST HOME OWNER STATISTICS FOR NEW HOMES,3803
26,Jun 2002,7.0,49000.0,0.0,0.0,0.0,0.0,0.0,0.0,FIRST HOME OWNER STATISTICS FOR NEW HOMES,3803
29,Jul 2002,4.0,28000.0,0.0,0.0,0.0,0.0,0.0,0.0,FIRST HOME OWNER STATISTICS FOR NEW HOMES,3803
30,Aug 2002,4.0,28000.0,0.0,0.0,0.0,0.0,0.0,0.0,FIRST HOME OWNER STATISTICS FOR NEW HOMES,3803
31,Sep 2002,4.0,28000.0,0.0,0.0,0.0,0.0,0.0,0.0,FIRST HOME OWNER STATISTICS FOR NEW HOMES,3803
32,Oct 2002,5.0,35000.0,0.0,0.0,0.0,0.0,0.0,0.0,FIRST HOME OWNER STATISTICS FOR NEW HOMES,3803
33,Nov 2002,2.0,14000.0,0.0,0.0,0.0,0.0,0.0,0.0,FIRST HOME OWNER STATISTICS FOR NEW HOMES,3803
34,Dec 2002,1.0,7000.0,0.0,0.0,0.0,0.0,0.0,0.0,FIRST HOME OWNER STATISTICS FOR NEW HOMES,3803
35,Jan 2003,1.0,7000.0,0.0,0.0,0.0,0.0,0.0,0.0,FIRST HOME OWNER STATISTICS FOR NEW HOMES,3803
36,Feb 2003,3.0,21000.0,0.0,0.0,0.0,0.0,0.0,0.0,FIRST HOME OWNER STATISTICS FOR NEW HOMES,3803
37,Mar 2003,3.0,21000.0,0.0,0.0,0.0,0.0,0.0,0.0,FIRST HOME OWNER STATISTICS FOR NEW HOMES,3803
38,Apr 2003,1.0,7000.0,0.0,0.0,0.0,0.0,0.0,0.0,FIRST HOME OWNER STATISTICS FOR NEW HOMES,3803
39,May 2003,2.0,14000.0,0.0,0.0,0.0,0.0,0.0,0.0,FIRST HOME OWNER STATISTICS FOR NEW HOMES,3803
40,Jun 2003,0.0,0.0,0.0,0.0,0.0,0.0,0.0,0.0,FIRST HOME OWNER STATISTICS FOR NEW HOMES,3803
43,Jul 2003,1.0,7000.0,0.0,0.0,0.0,0.0,0.0,0.0,FIRST HOME OWNER STATISTICS FOR NEW HOMES,3803
44,Aug 2003,0.0,0.0,0.0,0.0,0.0,0.0,0.0,0.0,FIRST HOME OWNER STATISTICS FOR NEW HOMES,3803
45,Sep 2003,1.0,7000.0,0.0,0.0,0.0,0.0,0.0,0.0,FIRST HOME OWNER STATISTICS FOR NEW HOMES,3803
46,Oct 2003,1.0,7000.0,0.0,0.0,0.0,0.0,0.0,0.0,FIRST HOME OWNER STATISTICS FOR NEW HOMES,3803
47,Nov 2003,4.0,28000.0,0.0,0.0,0.0,0.0,0.0,0.0,FIRST HOME OWNER STATISTICS FOR NEW HOMES,3803
48,Dec 2003,1.0,7000.0,0.0,0.0,0.0,0.0,0.0,0.0,FIRST HOME OWNER STATISTICS FOR NEW HOMES,3803
49,Jan 2004,0.0,0.0,0.0,0.0,0.0,0.0,0.0,0.0,FIRST HOME OWNER STATISTICS FOR NEW HOMES,3803
50,Feb 2004,2.0,14000.0,0.0,0.0,0.0,0.0,0.0,0.0,FIRST HOME OWNER STATISTICS FOR NEW HOMES,3803
51,Mar 2004,2.0,14000.0,0.0,0.0,0.0,0.0,0.0,0.0,FIRST HOME OWNER STATISTICS FOR NEW HOMES,3803
52,Apr 2004,1.0,7000.0,0.0,0.0,0.0,0.0,0.0,0.0,FIRST HOME OWNER STATISTICS FOR NEW HOMES,3803
53,May 2004,0.0,0.0,0.0,0.0,0.0,0.0,0.0,0.0,FIRST HOME OWNER STATISTICS FOR NEW HOMES,3803
54,Jun 2004,0.0,0.0,0.0,0.0,0.0,0.0,0.0,0.0,FIRST HOME OWNER STATISTICS FOR NEW HOMES,3803
57,Jul 2004,5.0,35000.0,0.0,0.0,0.0,0.0,0.0,0.0,FIRST HOME OWNER STATISTICS FOR NEW HOMES,3803
58,Aug 2004,2.0,14000.0,0.0,0.0,0.0,0.0,0.0,0.0,FIRST HOME OWNER STATISTICS FOR NEW HOMES,3803
59,Sep 2004,2.0,14000.0,0.0,0.0,0.0,0.0,0.0,0.0,FIRST HOME OWNER STATISTICS FOR NEW HOMES,3803
60,Oct 2004,0.0,0.0,0.0,0.0,0.0,0.0,0.0,0.0,FIRST HOME OWNER STATISTICS FOR NEW HOMES,3803
61,Nov 2004,0.0,0.0,0.0,0.0,0.0,0.0,0.0,0.0,FIRST HOME OWNER STATISTICS FOR NEW HOMES,3803
62,Dec 2004,0.0,0.0,0.0,0.0,0.0,0.0,0.0,0.0,FIRST HOME OWNER STATISTICS FOR NEW HOMES,3803
63,Jan 2005,0.0,0.0,0.0,0.0,0.0,0.0,0.0,0.0,FIRST HOME OWNER STATISTICS FOR NEW HOMES,3803
64,Feb 2005,0.0,0.0,0.0,0.0,0.0,0.0,0.0,0.0,FIRST HOME OWNER STATISTICS FOR NEW HOMES,3803
65,Mar 2005,0.0,0.0,0.0,0.0,0.0,0.0,0.0,0.0,FIRST HOME OWNER STATISTICS FOR NEW HOMES,3803
66,Apr 2005,0.0,0.0,0.0,0.0,0.0,0.0,0.0,0.0,FIRST HOME OWNER STATISTICS FOR NEW HOMES,3803
67,May 2005,0.0,0.0,0.0,0.0,0.0,0.0,0.0,0.0,FIRST HOME OWNER STATISTICS FOR NEW HOMES,3803
68,Jun 2005,0.0,0.0,0.0,0.0,0.0,0.0,0.0,0.0,FIRST HOME OWNER STATISTICS FOR NEW HOMES,3803
71,Jul 2005,0.0,0.0,0.0,0.0,0.0,0.0,0.0,0.0,FIRST HOME OWNER STATISTICS FOR NEW HOMES,3803
72,Aug 2005,0.0,0.0,0.0,0.0,0.0,0.0,0.0,0.0,FIRST HOME OWNER STATISTICS FOR NEW HOMES,3803
73,Sep 2005,1.0,7000.0,0.0,0.0,1.0,5000.0,0.0,0.0,FIRST HOME OWNER STATISTICS FOR NEW HOMES,3803
74,Oct 2005,0.0,0.0,0.0,0.0,0.0,0.0,0.0,0.0,FIRST HOME OWNER STATISTICS FOR NEW HOMES,3803
75,Nov 2005,0.0,0.0,0.0,0.0,0.0,0.0,0.0,0.0,FIRST HOME OWNER STATISTICS FOR NEW HOMES,3803
76,Dec 2005,0.0,0.0,0.0,0.0,0.0,0.0,0.0,0.0,FIRST HOME OWNER STATISTICS FOR NEW HOMES,3803
77,Jan 2006,0.0,0.0,0.0,0.0,0.0,0.0,0.0,0.0,FIRST HOME OWNER STATISTICS FOR NEW HOMES,3803
78,Feb 2006,1.0,7000.0,0.0,0.0,0.0,0.0,0.0,0.0,FIRST HOME OWNER STATISTICS FOR NEW HOMES,3803
79,Mar 2006,0.0,0.0,0.0,0.0,0.0,0.0,0.0,0.0,FIRST HOME OWNER STATISTICS FOR NEW HOMES,3803
80,Apr 2006,0.0,0.0,0.0,0.0,0.0,0.0,0.0,0.0,FIRST HOME OWNER STATISTICS FOR NEW HOMES,3803
81,May 2006,0.0,0.0,0.0,0.0,0.0,0.0,0.0,0.0,FIRST HOME OWNER STATISTICS FOR NEW HOMES,3803
82,Jun 2006,0.0,0.0,0.0,0.0,0.0,0.0,0.0,0.0,FIRST HOME OWNER STATISTICS FOR NEW HOMES,3803
85,Jul 2006,1.0,7000.0,0.0,0.0,1.0,5000.0,0.0,0.0,FIRST HOME OWNER STATISTICS FOR NEW HOMES,3803
86,Aug 2006,2.0,14000.0,0.0,0.0,2.0,10000.0,0.0,0.0,FIRST HOME OWNER STATISTICS FOR NEW HOMES,3803
87,Sep 2006,0.0,0.0,0.0,0.0,0.0,0.0,0.0,0.0,FIRST HOME OWNER STATISTICS FOR NEW HOMES,3803
88,Oct 2006,0.0,0.0,0.0,0.0,0.0,0.0,0.0,0.0,FIRST HOME OWNER STATISTICS FOR NEW HOMES,3803
89,Nov 2006,1.0,7000.0,0.0,0.0,1.0,3000.0,0.0,0.0,FIRST HOME OWNER STATISTICS FOR NEW HOMES,3803
90,Dec 2006,0.0,0.0,0.0,0.0,0.0,0.0,0.0,0.0,FIRST HOME OWNER STATISTICS FOR NEW HOMES,3803
91,Jan 2007,1.0,7000.0,0.0,0.0,1.0,5000.0,0.0,0.0,FIRST HOME OWNER STATISTICS FOR NEW HOMES,3803
92,Feb 2007,1.0,7000.0,0.0,0.0,1.0,5000.0,0.0,0.0,FIRST HOME OWNER STATISTICS FOR NEW HOMES,3803
93,Mar 2007,1.0,7000.0,0.0,0.0,1.0,3000.0,0.0,0.0,FIRST HOME OWNER STATISTICS FOR NEW HOMES,3803
94,Apr 2007,0.0,0.0,0.0,0.0,0.0,0.0,0.0,0.0,FIRST HOME OWNER STATISTICS FOR NEW HOMES,3803
95,May 2007,1.0,7000.0,0.0,0.0,1.0,3000.0,0.0,0.0,FIRST HOME OWNER STATISTICS FOR NEW HOMES,3803
96,Jun 2007,2.0,14000.0,0.0,0.0,2.0,10000.0,0.0,0.0,FIRST HOME OWNER STATISTICS FOR NEW HOMES,3803
99,Jul 2007,2.0,14000.0,0.0,0.0,2.0,6000.0,0.0,0.0,FIRST HOME OWNER STATISTICS FOR NEW HOMES,3803
100,Aug 2007,0.0,0.0,0.0,0.0,0.0,0.0,0.0,0.0,FIRST HOME OWNER STATISTICS FOR NEW HOMES,3803
101,Sep 2007,1.0,7000.0,0.0,0.0,1.0,5000.0,0.0,0.0,FIRST HOME OWNER STATISTICS FOR NEW HOMES,3803
102,Oct 2007,0.0,0.0,0.0,0.0,0.0,0.0,0.0,0.0,FIRST HOME OWNER STATISTICS FOR NEW HOMES,3803
103,Nov 2007,0.0,0.0,0.0,0.0,0.0,0.0,0.0,0.0,FIRST HOME OWNER STATISTICS FOR NEW HOMES,3803
104,Dec 2007,0.0,0.0,0.0,0.0,0.0,0.0,0.0,0.0,FIRST HOME OWNER STATISTICS FOR NEW HOMES,3803
105,Jan 2008,0.0,0.0,0.0,0.0,0.0,0.0,0.0,0.0,FIRST HOME OWNER STATISTICS FOR NEW HOMES,3803
106,Feb 2008,0.0,0.0,0.0,0.0,0.0,0.0,0.0,0.0,FIRST HOME OWNER STATISTICS FOR NEW HOMES,3803
107,Mar 2008,0.0,0.0,0.0,0.0,0.0,0.0,0.0,0.0,FIRST HOME OWNER STATISTICS FOR NEW HOMES,3803
108,Apr 2008,1.0,7000.0,0.0,0.0,1.0,5000.0,0.0,0.0,FIRST HOME OWNER STATISTICS FOR NEW HOMES,3803
109,May 2008,1.0,7000.0,0.0,0.0,1.0,5000.0,0.0,0.0,FIRST HOME OWNER STATISTICS FOR NEW HOMES,3803
110,Jun 2008,0.0,0.0,0.0,0.0,0.0,0.0,0.0,0.0,FIRST HOME OWNER STATISTICS FOR NEW HOMES,3803
113,Jul 2008,1.0,7000.0,0.0,0.0,1.0,5000.0,0.0,0.0,FIRST HOME OWNER STATISTICS FOR NEW HOMES,3803
114,Aug 2008,1.0,7000.0,0.0,0.0,1.0,5000.0,0.0,0.0,FIRST HOME OWNER STATISTICS FOR NEW HOMES,3803
115,Sep 2008,0.0,0.0,0.0,0.0,0.0,0.0,0.0,0.0,FIRST HOME OWNER STATISTICS FOR NEW HOMES,3803
116,Oct 2008,1.0,7000.0,0.0,0.0,1.0,5000.0,0.0,0.0,FIRST HOME OWNER STATISTICS FOR NEW HOMES,3803
117,Nov 2008,0.0,0.0,0.0,0.0,0.0,0.0,0.0,0.0,FIRST HOME OWNER STATISTICS FOR NEW HOMES,3803
118,Dec 2008,1.0,7000.0,0.0,0.0,1.0,5000.0,0.0,0.0,FIRST HOME OWNER STATISTICS FOR NEW HOMES,3803
119,Jan 2009,0.0,0.0,0.0,0.0,0.0,0.0,0.0,0.0,FIRST HOME OWNER STATISTICS FOR NEW HOMES,3803
120,Feb 2009,1.0,7000.0,1.0,14000.0,1.0,5000.0,0.0,0.0,FIRST HOME OWNER STATISTICS FOR NEW HOMES,3803
121,Mar 2009,2.0,14000.0,1.0,14000.0,2.0,10000.0,0.0,0.0,FIRST HOME OWNER STATISTICS FOR NEW HOMES,3803
122,Apr 2009,4.0,28000.0,4.0,56000.0,4.0,20000.0,0.0,0.0,FIRST HOME OWNER STATISTICS FOR NEW HOMES,3803
123,May 2009,1.0,7000.0,1.0,14000.0,1.0,5000.0,0.0,0.0,FIRST HOME OWNER STATISTICS FOR NEW HOMES,3803
124,Jun 2009,4.0,28000.0,4.0,56000.0,4.0,20000.0,0.0,0.0,FIRST HOME OWNER STATISTICS FOR NEW HOMES,3803
127,Jul 2009,1.0,7000.0,1.0,14000.0,1.0,5000.0,0.0,0.0,FIRST HOME OWNER STATISTICS FOR NEW HOMES,3803
128,Aug 2009,2.0,14000.0,2.0,28000.0,2.0,10000.0,0.0,0.0,FIRST HOME OWNER STATISTICS FOR NEW HOMES,3803
129,Sep 2009,14.0,98000.0,14.0,196000.0,14.0,76000.0,0.0,0.0,FIRST HOME OWNER STATISTICS FOR NEW HOMES,3803
130,Oct 2009,3.0,21000.0,3.0,42000.0,3.0,21000.0,0.0,0.0,FIRST HOME OWNER STATISTICS FOR NEW HOMES,3803
131,Nov 2009,0.0,0.0,0.0,0.0,0.0,0.0,0.0,0.0,FIRST HOME OWNER STATISTICS FOR NEW HOMES,3803
132,Dec 2009,1.0,7000.0,1.0,14000.0,1.0,11000.0,0.0,0.0,FIRST HOME OWNER STATISTICS FOR NEW HOMES,3803
133,Jan 2010,0.0,0.0,0.0,0.0,0.0,0.0,0.0,0.0,FIRST HOME OWNER STATISTICS FOR NEW HOMES,3803
134,Feb 2010,1.0,7000.0,1.0,14000.0,1.0,11000.0,0.0,0.0,FIRST HOME OWNER STATISTICS FOR NEW HOMES,3803
135,Mar 2010,0.0,0.0,0.0,0.0,0.0,0.0,0.0,0.0,FIRST HOME OWNER STATISTICS FOR NEW HOMES,3803
136,Apr 2010,0.0,0.0,0.0,0.0,0.0,0.0,0.0,0.0,FIRST HOME OWNER STATISTICS FOR NEW HOMES,3803
137,May 2010,0.0,0.0,0.0,0.0,0.0,0.0,0.0,0.0,FIRST HOME OWNER STATISTICS FOR NEW HOMES,3803
138,Jun 2010,0.0,0.0,0.0,0.0,0.0,0.0,0.0,0.0,FIRST HOME OWNER STATISTICS FOR NEW HOMES,3803
141,Jul 2010,0.0,0.0,0.0,0.0,0.0,0.0,0.0,0.0,FIRST HOME OWNER STATISTICS FOR NEW HOMES,3803
142,Aug 2010,0.0,0.0,0.0,0.0,0.0,0.0,0.0,0.0,FIRST HOME OWNER STATISTICS FOR NEW HOMES,3803
143,Sep 2010,5.0,35000.0,4.0,56000.0,5.0,55000.0,0.0,0.0,FIRST HOME OWNER STATISTICS FOR NEW HOMES,3803
144,Oct 2010,3.0,21000.0,3.0,42000.0,3.0,33000.0,0.0,0.0,FIRST HOME OWNER STATISTICS FOR NEW HOMES,3803
145,Nov 2010,0.0,0.0,0.0,0.0,0.0,0.0,0.0,0.0,FIRST HOME OWNER STATISTICS FOR NEW HOMES,3803
146,Dec 2010,1.0,7000.0,1.0,14000.0,1.0,11000.0,0.0,0.0,FIRST HOME OWNER STATISTICS FOR NEW HOMES,3803
147,Jan 2011,0.0,0.0,0.0,0.0,0.0,0.0,0.0,0.0,FIRST HOME OWNER STATISTICS FOR NEW HOMES,3803
148,Feb 2011,0.0,0.0,0.0,0.0,0.0,0.0,0.0,0.0,FIRST HOME OWNER STATISTICS FOR NEW HOMES,3803
149,Mar 2011,0.0,0.0,0.0,0.0,0.0,0.0,0.0,0.0,FIRST HOME OWNER STATISTICS FOR NEW HOMES,3803
150,Apr 2011,0.0,0.0,0.0,0.0,0.0,0.0,0.0,0.0,FIRST HOME OWNER STATISTICS FOR NEW HOMES,3803
151,May 2011,0.0,0.0,0.0,0.0,0.0,0.0,0.0,0.0,FIRST HOME OWNER STATISTICS FOR NEW HOMES,3803
152,Jun 2011,0.0,0.0,0.0,0.0,0.0,0.0,0.0,0.0,FIRST HOME OWNER STATISTICS FOR NEW HOMES,3803
155,Jul 2011,0.0,0.0,0.0,0.0,0.0,0.0,0.0,0.0,FIRST HOME OWNER STATISTICS FOR NEW HOMES,3803
156,Aug 2011,0.0,0.0,0.0,0.0,0.0,0.0,0.0,0.0,FIRST HOME OWNER STATISTICS FOR NEW HOMES,3803
157,Sep 2011,0.0,0.0,0.0,0.0,0.0,0.0,0.0,0.0,FIRST HOME OWNER STATISTICS FOR NEW HOMES,3803
158,Oct 2011,0.0,0.0,0.0,0.0,0.0,0.0,0.0,0.0,FIRST HOME OWNER STATISTICS FOR NEW HOMES,3803
159,Nov 2011,2.0,14000.0,0.0,0.0,2.0,24000.0,0.0,0.0,FIRST HOME OWNER STATISTICS FOR NEW HOMES,3803
160,Dec 2011,1.0,7000.0,0.0,0.0,1.0,13000.0,0.0,0.0,FIRST HOME OWNER STATISTICS FOR NEW HOMES,3803
161,Jan 2012,1.0,7000.0,0.0,0.0,1.0,13000.0,0.0,0.0,FIRST HOME OWNER STATISTICS FOR NEW HOMES,3803
162,Feb 2012,1.0,7000.0,0.0,0.0,1.0,11000.0,0.0,0.0,FIRST HOME OWNER STATISTICS FOR NEW HOMES,3803
163,Mar 2012,0.0,0.0,0.0,0.0,0.0,0.0,0.0,0.0,FIRST HOME OWNER STATISTICS FOR NEW HOMES,3803
164,Apr 2012,0.0,0.0,0.0,0.0,0.0,0.0,0.0,0.0,FIRST HOME OWNER STATISTICS FOR NEW HOMES,3803
165,May 2012,2.0,14000.0,0.0,0.0,2.0,26000.0,0.0,0.0,FIRST HOME OWNER STATISTICS FOR NEW HOMES,3803
166,Jun 2012,0.0,0.0,0.0,0.0,0.0,0.0,0.0,0.0,FIRST HOME OWNER STATISTICS FOR NEW HOMES,3803
169,Jul 2012,1.0,7000.0,0.0,0.0,1.0,13000.0,0.0,0.0,FIRST HOME OWNER STATISTICS FOR NEW HOMES,3803
170,Aug 2012,1.0,7000.0,0.0,0.0,1.0,13000.0,0.0,0.0,FIRST HOME OWNER STATISTICS FOR NEW HOMES,3803
171,Sep 2012,0.0,0.0,0.0,0.0,0.0,0.0,0.0,0.0,FIRST HOME OWNER STATISTICS FOR NEW HOMES,3803
172,Oct 2012,0.0,0.0,0.0,0.0,0.0,0.0,0.0,0.0,FIRST HOME OWNER STATISTICS FOR NEW HOMES,3803
173,Nov 2012,0.0,0.0,0.0,0.0,0.0,0.0,0.0,0.0,FIRST HOME OWNER STATISTICS FOR NEW HOMES,3803
174,Dec 2012,0.0,0.0,0.0,0.0,0.0,0.0,0.0,0.0,FIRST HOME OWNER STATISTICS FOR NEW HOMES,3803
175,Jan 2013,0.0,0.0,0.0,0.0,0.0,0.0,0.0,0.0,FIRST HOME OWNER STATISTICS FOR NEW HOMES,3803
176,Feb 2013,1.0,7000.0,0.0,0.0,1.0,13000.0,0.0,0.0,FIRST HOME OWNER STATISTICS FOR NEW HOMES,3803
177,Mar 2013,0.0,0.0,0.0,0.0,0.0,0.0,0.0,0.0,FIRST HOME OWNER STATISTICS FOR NEW HOMES,3803
178,Apr 2013,0.0,0.0,0.0,0.0,0.0,0.0,0.0,0.0,FIRST HOME OWNER STATISTICS FOR NEW HOMES,3803
179,May 2013,1.0,7000.0,0.0,0.0,1.0,13000.0,0.0,0.0,FIRST HOME OWNER STATISTICS FOR NEW HOMES,3803
180,Jun 2013,1.0,7000.0,0.0,0.0,1.0,13000.0,0.0,0.0,FIRST HOME OWNER STATISTICS FOR NEW HOMES,3803
183,Jul 2013,1.0,7000.0,0.0,0.0,1.0,13000.0,0.0,0.0,FIRST HOME OWNER STATISTICS FOR NEW HOMES,3803
184,Aug 2013,1.0,7000.0,0.0,0.0,1.0,13000.0,0.0,0.0,FIRST HOME OWNER STATISTICS FOR NEW HOMES,3803
185,Sep 2013,0.0,0.0,0.0,0.0,0.0,0.0,0.0,0.0,FIRST HOME OWNER STATISTICS FOR NEW HOMES,3803
186,Oct 2013,0.0,0.0,0.0,0.0,0.0,0.0,0.0,0.0,FIRST HOME OWNER STATISTICS FOR NEW HOMES,3803
187,Nov 2013,1.0,10000.0,0.0,0.0,0.0,0.0,0.0,0.0,FIRST HOME OWNER STATISTICS FOR NEW HOMES,3803
188,Dec 2013,1.0,7000.0,0.0,0.0,0.0,0.0,0.0,0.0,FIRST HOME OWNER STATISTICS FOR NEW HOMES,3803
189,Jan 2014,0.0,0.0,0.0,0.0,0.0,0.0,0.0,0.0,FIRST HOME OWNER STATISTICS FOR NEW HOMES,3803
190,Feb 2014,2.0,17000.0,0.0,0.0,1.0,13000.0,0.0,0.0,FIRST HOME OWNER STATISTICS FOR NEW HOMES,3803
191,Mar 2014,0.0,0.0,0.0,0.0,0.0,0.0,0.0,0.0,FIRST HOME OWNER STATISTICS FOR NEW HOMES,3803
192,Apr 2014,0.0,0.0,0.0,0.0,0.0,0.0,0.0,0.0,FIRST HOME OWNER STATISTICS FOR NEW HOMES,3803
193,May 2014,0.0,0.0,0.0,0.0,0.0,0.0,0.0,0.0,FIRST HOME OWNER STATISTICS FOR NEW HOMES,3803
194,Jun 2014,0.0,0.0,0.0,0.0,0.0,0.0,0.0,0.0,FIRST HOME OWNER STATISTICS FOR NEW HOMES,3803
197,Jul 2014,0.0,0.0,0.0,0.0,0.0,0.0,0.0,0.0,FIRST HOME OWNER STATISTICS FOR NEW HOMES,3803
198,Aug 2014,1.0,10000.0,0.0,0.0,0.0,0.0,0.0,0.0,FIRST HOME OWNER STATISTICS FOR NEW HOMES,3803
199,Sep 2014,0.0,0.0,0.0,0.0,0.0,0.0,0.0,0.0,FIRST HOME OWNER STATISTICS FOR NEW HOMES,3803
200,Oct 2014,0.0,0.0,0.0,0.0,0.0,0.0,0.0,0.0,FIRST HOME OWNER STATISTICS FOR NEW HOMES,3803
201,Nov 2014,0.0,0.0,0.0,0.0,0.0,0.0,0.0,0.0,FIRST HOME OWNER STATISTICS FOR NEW HOMES,3803
202,Dec 2014,0.0,0.0,0.0,0.0,0.0,0.0,0.0,0.0,FIRST HOME OWNER STATISTICS FOR NEW HOMES,3803
203,Jan 2015,0.0,0.0,0.0,0.0,0.0,0.0,0.0,0.0,FIRST HOME OWNER STATISTICS FOR NEW HOMES,3803
204,Feb 2015,0.0,0.0,0.0,0.0,0.0,0.0,0.0,0.0,FIRST HOME OWNER STATISTICS FOR NEW HOMES,3803
205,Mar 2015,0.0,0.0,0.0,0.0,0.0,0.0,0.0,0.0,FIRST HOME OWNER STATISTICS FOR NEW HOMES,3803
206,Apr 2015,0.0,0.0,0.0,0.0,0.0,0.0,0.0,0.0,FIRST HOME OWNER STATISTICS FOR NEW HOMES,3803
207,May 2015,0.0,0.0,0.0,0.0,0.0,0.0,0.0,0.0,FIRST HOME OWNER STATISTICS FOR NEW HOMES,3803
208,Jun 2015,0.0,0.0,0.0,0.0,0.0,0.0,0.0,0.0,FIRST HOME OWNER STATISTICS FOR NEW HOMES,3803
211,Jul 2015,0.0,0.0,0.0,0.0,0.0,0.0,0.0,0.0,FIRST HOME OWNER STATISTICS FOR NEW HOMES,3803
212,Aug 2015,1.0,10000.0,0.0,0.0,0.0,0.0,0.0,0.0,FIRST HOME OWNER STATISTICS FOR NEW HOMES,3803
213,Sep 2015,0.0,0.0,0.0,0.0,0.0,0.0,0.0,0.0,FIRST HOME OWNER STATISTICS FOR NEW HOMES,3803
214,Oct 2015,2.0,20000.0,0.0,0.0,0.0,0.0,0.0,0.0,FIRST HOME OWNER STATISTICS FOR NEW HOMES,3803
215,Nov 2015,0.0,0.0,0.0,0.0,0.0,0.0,0.0,0.0,FIRST HOME OWNER STATISTICS FOR NEW HOMES,3803
216,Dec 2015,0.0,0.0,0.0,0.0,0.0,0.0,0.0,0.0,FIRST HOME OWNER STATISTICS FOR NEW HOMES,3803
217,Jan 2016,1.0,10000.0,0.0,0.0,0.0,0.0,0.0,0.0,FIRST HOME OWNER STATISTICS FOR NEW HOMES,3803
218,Feb 2016,0.0,0.0,0.0,0.0,0.0,0.0,0.0,0.0,FIRST HOME OWNER STATISTICS FOR NEW HOMES,3803
219,Mar 2016,0.0,0.0,0.0,0.0,0.0,0.0,0.0,0.0,FIRST HOME OWNER STATISTICS FOR NEW HOMES,3803
220,Apr 2016,1.0,10000.0,0.0,0.0,0.0,0.0,0.0,0.0,FIRST HOME OWNER STATISTICS FOR NEW HOMES,3803
221,May 2016,0.0,0.0,0.0,0.0,0.0,0.0,0.0,0.0,FIRST HOME OWNER STATISTICS FOR NEW HOMES,3803
222,Jun 2016,0.0,0.0,0.0,0.0,0.0,0.0,0.0,0.0,FIRST HOME OWNER STATISTICS FOR NEW HOMES,3803
225,Jul 2016,0.0,0.0,0.0,0.0,0.0,0.0,0.0,0.0,FIRST HOME OWNER STATISTICS FOR NEW HOMES,3803
226,Aug 2016,0.0,0.0,0.0,0.0,0.0,0.0,0.0,0.0,FIRST HOME OWNER STATISTICS FOR NEW HOMES,3803
227,Sep 2016,0.0,0.0,0.0,0.0,0.0,0.0,0.0,0.0,FIRST HOME OWNER STATISTICS FOR NEW HOMES,3803
228,Oct 2016,1.0,10000.0,0.0,0.0,0.0,0.0,0.0,0.0,FIRST HOME OWNER STATISTICS FOR NEW HOMES,3803
229,Nov 2016,0.0,0.0,0.0,0.0,0.0,0.0,0.0,0.0,FIRST HOME OWNER STATISTICS FOR NEW HOMES,3803
230,Dec 2016,1.0,10000.0,0.0,0.0,0.0,0.0,0.0,0.0,FIRST HOME OWNER STATISTICS FOR NEW HOMES,3803
231,Jan 2017,1.0,10000.0,0.0,0.0,0.0,0.0,0.0,0.0,FIRST HOME OWNER STATISTICS FOR NEW HOMES,3803
232,Feb 2017,0.0,0.0,0.0,0.0,0.0,0.0,0.0,0.0,FIRST HOME OWNER STATISTICS FOR NEW HOMES,3803
233,Mar 2017,0.0,0.0,0.0,0.0,0.0,0.0,0.0,0.0,FIRST HOME OWNER STATISTICS FOR NEW HOMES,3803
234,Apr 2017,2.0,20000.0,0.0,0.0,0.0,0.0,0.0,0.0,FIRST HOME OWNER STATISTICS FOR NEW HOMES,3803
235,May 2017,1.0,10000.0,0.0,0.0,0.0,0.0,0.0,0.0,FIRST HOME OWNER STATISTICS FOR NEW HOMES,3803
236,Jun 2017,4.0,37000.0,0.0,0.0,0.0,0.0,0.0,0.0,FIRST HOME OWNER STATISTICS FOR NEW HOMES,3803
239,Jul 2017,0.0,0.0,0.0,0.0,0.0,0.0,0.0,0.0,FIRST HOME OWNER STATISTICS FOR NEW HOMES,3803
240,Aug 2017,1.0,10000.0,0.0,0.0,0.0,0.0,0.0,0.0,FIRST HOME OWNER STATISTICS FOR NEW HOMES,3803
241,Sep 2017,0.0,0.0,0.0,0.0,0.0,0.0,0.0,0.0,FIRST HOME OWNER STATISTICS FOR NEW HOMES,3803
242,Oct 2017,1.0,10000.0,0.0,0.0,0.0,0.0,0.0,0.0,FIRST HOME OWNER STATISTICS FOR NEW HOMES,3803
243,Nov 2017,0.0,0.0,0.0,0.0,0.0,0.0,0.0,0.0,FIRST HOME OWNER STATISTICS FOR NEW HOMES,3803
244,Dec 2017,0.0,0.0,0.0,0.0,0.0,0.0,0.0,0.0,FIRST HOME OWNER STATISTICS FOR NEW HOMES,3803
245,Jan 2018,0.0,0.0,0.0,0.0,0.0,0.0,0.0,0.0,FIRST HOME OWNER STATISTICS FOR NEW HOMES,3803
246,Feb 2018,0.0,0.0,0.0,0.0,0.0,0.0,0.0,0.0,FIRST HOME OWNER STATISTICS FOR NEW HOMES,3803
247,Mar 2018,2.0,20000.0,0.0,0.0,0.0,0.0,0.0,0.0,FIRST HOME OWNER STATISTICS FOR NEW HOMES,3803
248,Apr 2018,2.0,20000.0,0.0,0.0,0.0,0.0,0.0,0.0,FIRST HOME OWNER STATISTICS FOR NEW HOMES,3803
